marker_symbol,mgi_accession_id
Atp4b,MGI:88114
Col4a1,MGI:88454
Upk3a,MGI:98914
Tmem59l,MGI:1915187
Zfp383,MGI:1920979
Ttll5,MGI:2443657
Cpgi19279,MGI:5684354
Washc4,MGI:2441787
Cav1,MGI:102709
Ttc8,MGI:1923510
Cyth3,MGI:1335107
Bmp2,MGI:88177
Lipa,MGI:96789
Gchfr,MGI:2443977
Gm6498,MGI:3647773
Dgkg,MGI:105060
Mir744,MGI:3691603
BC049762,MGI:3039622
Usp49,MGI:2685391
Chchd6,MGI:1913348
Rfx4,MGI:1918387
Cep72,MGI:1921720
Gm15440,MGI:3642353
Ffar4,MGI:2147577
Agbl5,MGI:2441745
Itga11,MGI:2442114
Manba,MGI:88175
Ephx3,MGI:1919182
Trpm8,MGI:2181435
Pias3,MGI:1913126
Retnlg,MGI:2667763
Csde1,MGI:92356
0610037L13Rik,MGI:1921348
Trerf1,MGI:2442086
Lgi2,MGI:2180196
Chga,MGI:88394
Akap3,MGI:1341149
Ifi207,MGI:2138302
Csl,MGI:1919082
Gprasp1,MGI:1917418
Fam172a,MGI:1915925
Per3,MGI:1277134
Gm12253,MGI:3651568
Uts2r,MGI:2183450
Prokr2,MGI:2181363
Cd34,MGI:88329
Prkcg,MGI:97597
Trp53i11,MGI:2670995
Ifitm2,MGI:1933382
Slc31a2,MGI:1333844
Tmem41b,MGI:1289225
6330403K07Rik,MGI:1918001
Zfp618,MGI:1919950
Spp2,MGI:1922646
Tmem35a,MGI:1914814
Acox2,MGI:1934852
Itgam,MGI:96607
Sept9,MGI:1858222
Magee2,MGI:2148316
Zbtb1,MGI:2442326
Tmem192,MGI:1920317
Fbxw11,MGI:2144023
Yap1,MGI:103262
Efr3a,MGI:1923990
Gosr1,MGI:1858260
0610005C13Rik,MGI:1918911
Jph4,MGI:2443113
Creg1,MGI:1344382
Slf2,MGI:1924968
Fbxl13,MGI:2443416
Usf1,MGI:99542
Myh2,MGI:1339710
Mapk8ip2,MGI:1926555
Syt2,MGI:99666
1700012A03Rik,MGI:1923632
Rreb1,MGI:2443664
BC037034,MGI:2385896
Bcs1l,MGI:1914071
Ctcf,MGI:109447
Fcgr1,MGI:95498
Mtpn,MGI:99445
Srcap,MGI:2444036
0610009L18Rik,MGI:1914088
Dusp14,MGI:1927168
Amz1,MGI:2442258
Ipcef1,MGI:2444159
Sned1,MGI:3045960
Mb,MGI:96922
Pyy,MGI:99924
Cldn5,MGI:1276112
Gm2694,MGI:3780864
Olfr272,MGI:3030106
Serpinf2,MGI:107173
Rgs14,MGI:1859709
Slc27a2,MGI:1347099
Mrpl20,MGI:2137221
Nlrp3,MGI:2653833
Mir675,MGI:3629709
Psg21,MGI:1891353
Plekhg4,MGI:2142544
Hsph1,MGI:105053
Tac2,MGI:98476
Stoml2,MGI:1913842
Cpgi13568,MGI:5678652
Spink8,MGI:1925959
Tlr13,MGI:3045213
Flot1,MGI:1100500
Efhc1,MGI:1919127
Zup1,MGI:1919830
Pgrmc1,MGI:1858305
Prph2,MGI:102791
Mob3b,MGI:2664539
Klra6,MGI:101902
Reg4,MGI:1914959
Dmbx1,MGI:2153518
Cetn4,MGI:2677454
Gpatch8,MGI:1918667
Gmppb,MGI:2660880
Mir142,MGI:2676827
Dlx1,MGI:94901
Pomt2,MGI:2444430
Dnajb6,MGI:1344381
Wfdc6a,MGI:2684968
Tcf7,MGI:98507
Cd248,MGI:1917695
Col6a1,MGI:88459
Churc1,MGI:1923684
Pdgfb,MGI:97528
Slc12a9,MGI:1933532
Phyhip,MGI:1860417
Scn2a,MGI:98248
Kcng3,MGI:2663923
Scly,MGI:1355310
Atp1b4,MGI:1915071
Tm4sf1,MGI:104678
Rem1,MGI:1097696
2700081O15Rik,MGI:1919667
Slc35b1,MGI:1343133
Ddhd2,MGI:1919358
Gnai2,MGI:95772
Cyp8b1,MGI:1338044
Ch25h,MGI:1333869
Tmbim1,MGI:1916910
AI480526,MGI:2140910
Faap20,MGI:1914763
Mphosph9,MGI:2443138
Scgb1a1,MGI:98919
Hes2,MGI:1098624
Arrdc5,MGI:1924170
Gcgr,MGI:99572
Sall1,MGI:1889585
Zfp426,MGI:1920248
Vsnl1,MGI:1349453
Lpcat3,MGI:1315211
0610038B21Rik,MGI:1917595
Slc25a15,MGI:1342274
Cep120,MGI:2147298
Ssna1,MGI:1915725
Epc1,MGI:1278322
Ube2t,MGI:1914446
Zfyve16,MGI:2145181
Mta1,MGI:2150037
Ino80e,MGI:2141881
Eid1,MGI:1889651
Phip,MGI:1932404
Ptprcap,MGI:97811
Slc2a6,MGI:2443286
Myo1a,MGI:107732
Cdh9,MGI:107433
Jmjd7,MGI:3845785
Trp53tg5,MGI:1920853
Dgkq,MGI:102918
Lrg1,MGI:1924155
Ehd2,MGI:2154274
Wfikkn2,MGI:2669209
Calml4,MGI:1922850
Cfap65,MGI:2444274
Loxl3,MGI:1337004
Mir186,MGI:2676850
Son,MGI:98353
Ptpn22,MGI:107170
Eif4e,MGI:95305
Abr,MGI:107771
Tfdp2,MGI:107167
Brwd3,MGI:3029414
Pafah1b1,MGI:109520
Myh4,MGI:1339713
Nphs2,MGI:2157018
Psg19,MGI:1347252
Psg18,MGI:1347251
Msx2,MGI:97169
Rdh10,MGI:1924238
Tnfaip8l3,MGI:2685363
Ddx5,MGI:105037
Casp6,MGI:1312921
Cpgi11865,MGI:5676951
Dusp21,MGI:1920797
Klrc2,MGI:1336162
Cpne2,MGI:2387578
Ttc21b,MGI:1920918
Mkrn1,MGI:1859353
Dennd5a,MGI:1201681
Glrx5,MGI:1920296
Rbm24,MGI:3610364
Taf3,MGI:2388097
Allc,MGI:2136971
Insm2,MGI:1930787
Plac1,MGI:1926287
Rnf121,MGI:1922462
Mir29a,MGI:2676904
Fam241b,MGI:1917144
Btbd10,MGI:1916065
Coq10b,MGI:1915126
Deaf1,MGI:1858496
Epha1,MGI:107381
Col4a5,MGI:88456
Rnf145,MGI:1921565
Cnnm4,MGI:2151060
Itgax,MGI:96609
Sdc3,MGI:1349163
C130073F10Rik,MGI:3045359
Cd209e,MGI:2157948
Slc35f2,MGI:1919272
Mir490,MGI:3629662
Sirpb1b,MGI:3779828
Paqr3,MGI:2679683
Nprl2,MGI:1914482
Depdc7,MGI:2139258
Noa1,MGI:1914306
Srgap1,MGI:2152936
Zfp592,MGI:2443541
Krt81,MGI:1928858
Camk2g,MGI:88259
Sertad2,MGI:1931026
0610025J13Rik,MGI:1915618
Zfp467,MGI:1916160
Igfbp4,MGI:96439
Serpina12,MGI:1915304
Srrm2,MGI:1923206
0610010F05Rik,MGI:1918925
Pwp2,MGI:1341200
Clcn7,MGI:1347048
Mir191,MGI:2676855
Prelid1,MGI:1913744
Adamtsl2,MGI:1925044
Fam122a,MGI:1915284
Mreg,MGI:2151839
Hgs,MGI:104681
Grhpr,MGI:1923488
Inca1,MGI:2144284
Gtf2a2,MGI:1933289
Mtch1,MGI:1929261
Agps,MGI:2443065
Sema4g,MGI:1347047
Ndufa4l2,MGI:3039567
Unc93b1,MGI:1859307
Asphd2,MGI:1920148
Sipa1l2,MGI:2676970
Arntl2,MGI:2684845
Mrpl37,MGI:1926268
Ifi202b,MGI:1347083
Nudcd3,MGI:2144158
Creld1,MGI:2152539
Serpinc1,MGI:88095
Fut8,MGI:1858901
Edem2,MGI:1915540
Gm7489,MGI:3647008
Meaf6,MGI:1917338
Ttr,MGI:98865
Exosc4,MGI:1923576
Wnt8a,MGI:107924
Pnliprp2,MGI:1336202
Uspl1,MGI:2442342
Zfp672,MGI:2442105
Erg28,MGI:1915571
Hpn,MGI:1196620
Iqcf4,MGI:1914570
Tmem150c,MGI:3041258
Vps4b,MGI:1100499
Prss53,MGI:2652890
Vrk2,MGI:1917172
Slc32a1,MGI:1194488
Amhr2,MGI:105062
Sncaip,MGI:1915097
AI593442,MGI:2143099
Orm2,MGI:97444
Clic6,MGI:2146607
Trim24,MGI:109275
Pbx2,MGI:1341793
Fat4,MGI:3045256
Mbp,MGI:96925
Tjp1,MGI:98759
Nudt21,MGI:1915469
Tmem215,MGI:2444167
Cyb5b,MGI:1913677
Pex10,MGI:2684988
Prl4a1,MGI:1206587
A230050P20Rik,MGI:2441788
Zfp819,MGI:1921650
Mixl1,MGI:1351322
Ccdc85c,MGI:3644008
Herc2,MGI:103234
Tmem92,MGI:3034723
Chst1,MGI:1924219
Stk40,MGI:1921428
Fmo2,MGI:1916776
Syt13,MGI:1933945
Rsrc1,MGI:1914130
Eci2,MGI:1346064
Mlycd,MGI:1928485
Adam33,MGI:1341813
Cdx2,MGI:88361
Sfpq,MGI:1918764
Antxr1,MGI:1916788
0610010K14Rik,MGI:1915609
Glul,MGI:95739
Mroh1,MGI:2442558
Rbfa,MGI:1915981
Gng7,MGI:95787
Ibsp,MGI:96389
Itprid2,MGI:1917849
Iars,MGI:2145219
Csn1s2a,MGI:88542
Cyb5r1,MGI:1919267
Frem2,MGI:2444465
Apc2,MGI:1346052
Neu2,MGI:1344417
Sectm1a,MGI:2384805
Acat3,MGI:109182
Tacr1,MGI:98475
Rasgrp1,MGI:1314635
Pdcd5,MGI:1913538
Lcn9,MGI:1924954
Hspa13,MGI:1309463
Akt1s1,MGI:1914855
Dennd6b,MGI:1916690
Psmd10,MGI:1858898
Zfp128,MGI:2389445
Ece1,MGI:1101357
Eva1b,MGI:1922063
Mcoln2,MGI:1915529
Tecr,MGI:1915408
Taar5,MGI:2685073
Aldh8a1,MGI:2653900
Wnt9a,MGI:2446084
Myh7,MGI:2155600
Rnf186,MGI:1914075
Slc26a5,MGI:1933154
Luc7l2,MGI:2183260
Ctps2,MGI:1933185
Tle6,MGI:2149593
Pde6c,MGI:105956
Cryz,MGI:88527
Nxph1,MGI:107492
Hnrnpr,MGI:1891692
Slc39a12,MGI:2139274
Susd3,MGI:1913579
Kdm6a,MGI:1095419
Zfp39,MGI:99183
Klk10,MGI:1916790
Rc3h1,MGI:2685397
Dgat2l6,MGI:3045268
1700028K03Rik,MGI:1923671
Tln1,MGI:1099832
Mob3a,MGI:3050117
Grap2,MGI:1333842
Wdr55,MGI:1915186
Eea1,MGI:2442192
Tent4a,MGI:2682295
Hdgfl2,MGI:1194492
Tspan1,MGI:1914055
Zfp352,MGI:2387418
Hrg,MGI:2146636
Vps18,MGI:2443626
Myh3,MGI:1339709
Entpd5,MGI:1321385
Osbpl7,MGI:1918490
Parn,MGI:1921358
Sdcbp,MGI:1337026
Slc26a4,MGI:1346029
Zfp523,MGI:2687278
Dsn1,MGI:1914184
Fip1l1,MGI:1914149
BC028528,MGI:2385885
Pilrb2,MGI:2450535
Kcnk3,MGI:1100509
Ifih1,MGI:1918836
Vav1,MGI:98923
Megf10,MGI:2685177
P2ry12,MGI:1918089
Tfb2m,MGI:107937
Trim15,MGI:1916347
Cd68,MGI:88342
Lypla2,MGI:1347000
Zfp53,MGI:99200
Csmd1,MGI:2137383
Tapt1,MGI:2683537
Glp2r,MGI:2136733
Vil1,MGI:98930
Hs3st3a1,MGI:1333861
Rnf44,MGI:2145310
Lrrc14,MGI:2445060
Kdm5b,MGI:1922855
Rab10,MGI:105066
Cln3,MGI:107537
Sirpb1a,MGI:2444824
Ywhae,MGI:894689
Hps4,MGI:2177742
4933434E20Rik,MGI:1914027
Dpep2,MGI:2442042
Drd1,MGI:99578
Cited1,MGI:108023
Meis3,MGI:108519
Tmx1,MGI:1919986
Camta1,MGI:2140230
Bbs2,MGI:2135267
Krt16,MGI:96690
4930435E12Rik,MGI:1921913
Sema4c,MGI:109252
Dcxr,MGI:1915130
0610006L08Rik,MGI:1923503
Lvrn,MGI:1921824
Gpr162,MGI:1315214
S100a4,MGI:1330282
Nsg2,MGI:1202070
Thnsl1,MGI:2139347
Zfp58,MGI:99205
Tle2,MGI:104635
Unc50,MGI:1914637
Ostf1,MGI:700012
Crip1,MGI:88501
C1qtnf9,MGI:3045252
Tssk4,MGI:1918349
Lrrc36,MGI:2448585
Sdccag8,MGI:1924066
Slc33a1,MGI:1332247
Fopnl,MGI:1913336
Cdc20b,MGI:3644472
Kcnj1,MGI:1927248
Iqsec2,MGI:3528396
Ubqlnl,MGI:2685336
Anks1,MGI:2446180
Dppa4,MGI:2157525
Ccl4,MGI:98261
Tmem175,MGI:1919642
Cdyl,MGI:1339956
Glyat,MGI:2147502
Stra8,MGI:107917
Il7,MGI:96561
Hcrtr2,MGI:2680765
Gltp,MGI:1929253
Stat2,MGI:103039
Kcne1,MGI:96673
Prdm16,MGI:1917923
Ifnb1,MGI:107657
Ttc21a,MGI:1921302
0610012D04Rik,MGI:1918926
Csf2,MGI:1339752
Nr4a1,MGI:1352454
Oxld1,MGI:1913681
Ruvbl2,MGI:1342299
Fam196b,MGI:3643491
Gsdma2,MGI:1921490
Gpr75,MGI:2441843
Chadl,MGI:3036284
Ltb,MGI:104796
Tomm6,MGI:1913369
Ccdc141,MGI:1919735
Skint7,MGI:3041190
Krt82,MGI:2149248
Jchain,MGI:96493
Gdf9,MGI:95692
Zfp629,MGI:2444524
0610012G03Rik,MGI:1913301
Megf9,MGI:1918264
Syncrip,MGI:1891690
Hoga1,MGI:1914682
Pes1,MGI:1890613
S100a9,MGI:1338947
Sptb,MGI:98387
Rgs9bp,MGI:2384418
Fbxl4,MGI:2140367
Cfap126,MGI:1922722
Kif12,MGI:1098232
Asf1b,MGI:1914179
Spic,MGI:1341168
Pex1,MGI:1918632
Hdc,MGI:96062
Mrpl40,MGI:1332635
0610009E02Rik,MGI:3698435
Chrne,MGI:87894
Tor3a,MGI:1353652
Tasp1,MGI:1923062
Tmem219,MGI:1915992
Ankk1,MGI:3045301
Adamts5,MGI:1346321
Hoxa3,MGI:96175
Akr1b7,MGI:101918
Pmp2,MGI:102667
Psmg1,MGI:1860263
Tie1,MGI:99906
Snx17,MGI:2387801
Fxyd6,MGI:1890226
Utf1,MGI:1276125
Zswim7,MGI:1916997
Fnbp1,MGI:109606
Arf1,MGI:99431
Il1f8,MGI:1916927
Golt1a,MGI:1915588
Clec14a,MGI:1914114
Bsx,MGI:2669849
Vmn2r27,MGI:3761517
Lrrc26,MGI:2385129
Ctsq,MGI:2137385
Surf2,MGI:98444
Neurog2,MGI:109619
Tmed3,MGI:1913361
Ube2k,MGI:1858216
Tgm4,MGI:3027002
Insl3,MGI:108427
Edf1,MGI:1891227
Pla2g4f,MGI:2685493
Rgs16,MGI:108407
Prss23,MGI:1923703
Afp,MGI:87951
Pck1,MGI:97501
Hps3,MGI:2153839
Rtp1,MGI:2685450
Eif3d,MGI:1933181
B230118H07Rik,MGI:1915420
Usp27x,MGI:1859645
Dram1,MGI:1918962
Irak1bp1,MGI:1929475
Ankrd22,MGI:1277101
Usp20,MGI:1921520
Rmst,MGI:1099806
Grid2ip,MGI:2176213
Sectm1b,MGI:1929083
Scgb2b26,MGI:87864
Rap1gap2,MGI:3028623
Spry4,MGI:1345144
Mfap2,MGI:99559
Alb,MGI:87991
Pdha1,MGI:97532
Ube2s,MGI:1925141
Haus5,MGI:1919159
Grin2c,MGI:95822
Jhy,MGI:1918239
Alox8,MGI:1098228
Pidd1,MGI:1889507
Amer2,MGI:1919375
Pak3,MGI:1339656
1600029I14Rik,MGI:1917047
Rnf224,MGI:2685603
Bmp8b,MGI:107335
Llcfc1,MGI:1923856
0610009F21Rik,MGI:1918921
Fam111a,MGI:1915508
Pramel6,MGI:2156390
Fndc1,MGI:1915905
Zmiz1,MGI:3040693
Car2,MGI:88269
Gpat2,MGI:2684962
Fam76a,MGI:2385211
Uqcr11,MGI:1913844
Klhl5,MGI:1919028
Vsx2,MGI:88401
Hnrnpf,MGI:2138741
Gpr88,MGI:1927653
Arhgef9,MGI:2442233
Dpp7,MGI:1933213
Golt1b,MGI:1914214
Tc(HSA21)1TybEmcf,MGI:3814702
Klrc1,MGI:1336161
Stac3,MGI:3606571
Il19,MGI:1890472
Pzp,MGI:87854
Adam8,MGI:107825
Hbegf,MGI:96070
Gm1673,MGI:2686519
Capn10,MGI:1344392
Hepacam2,MGI:2141520
Nfu1,MGI:1913290
Galnt9,MGI:2677965
Crygb,MGI:88522
Crygc,MGI:88523
Slc37a1,MGI:2446181
Cpgi16218,MGI:5681297
Echdc2,MGI:1289238
Mef2c,MGI:99458
Spata19,MGI:1922719
Ddx56,MGI:1277172
Nlrc4,MGI:3036243
Hvcn1,MGI:1921346
Tspan11,MGI:1915748
Fancd2os,MGI:1918229
Crb1,MGI:2136343
D130043K22Rik,MGI:3036268
Mettl25,MGI:3041259
Neto1,MGI:2180216
Adcy5,MGI:99673
Dapk3,MGI:1203520
Zhx2,MGI:2683087
Pllp,MGI:1915051
Ctxn2,MGI:2139444
Cpgi23001,MGI:5688069
Taar1,MGI:2148258
Plxnd1,MGI:2154244
Rtl8c,MGI:1920115
Brd1,MGI:1924161
Cul5,MGI:1922967
Rbm43,MGI:1918934
Sp2,MGI:1926162
Foxl2,MGI:1349428
Tars2,MGI:1919057
Timm9,MGI:1353436
Dpysl2,MGI:1349763
Gfap,MGI:95697
Calcb,MGI:2151254
Lrfn4,MGI:2385612
Tia1,MGI:107914
Gm17750,MGI:5009828
Usp1,MGI:2385198
Cldn18,MGI:1929209
Mdfic,MGI:104611
Gpr45,MGI:2135882
Aox1,MGI:88035
Sirpb1c,MGI:3807521
Nr5a1,MGI:1346833
P2ry1,MGI:105049
Celsr3,MGI:1858236
Ifnar2,MGI:1098243
Cd37,MGI:88330
Rnf152,MGI:2443787
Rgs12,MGI:1918979
Zdhhc7,MGI:2142662
Mog,MGI:97435
Asb3,MGI:1929749
Mocos,MGI:1915841
Phyhipl,MGI:1918161
Prox1,MGI:97772
Igsf21,MGI:2681842
Tpra1,MGI:1345190
Lztfl1,MGI:1934860
Zfp748,MGI:1916455
Hmgxb3,MGI:2441817
Pex12,MGI:2144177
Chgb,MGI:88395
Mtrex,MGI:1919448
Olfm1,MGI:1860437
Pprc1,MGI:2385096
Tmprss2,MGI:1354381
Caprin1,MGI:1858234
Tvp23a,MGI:3665441
Anxa11,MGI:108481
Tcn2,MGI:98534
Ifi35,MGI:1917360
Fam81a,MGI:1924136
Klrg1,MGI:1355294
Erap1,MGI:1933403
Acsm4,MGI:2681844
Slco2a1,MGI:1346021
Prrc2b,MGI:1923304
Anxa2,MGI:88246
Trpv1,MGI:1341787
Dgki,MGI:2443430
Wdpcp,MGI:2144467
Msln,MGI:1888992
Wisp1,MGI:1197008
Psg25,MGI:1891357
Rita1,MGI:1922021
Msrb3,MGI:2443538
Grsf1,MGI:106479
Mier3,MGI:2442317
Ccl2,MGI:98259
Cnpy4,MGI:1913705
Antxr2,MGI:1919164
Heatr3,MGI:2444491
Crhr2,MGI:894312
Itih1,MGI:96618
Adora2a,MGI:99402
Zmym4,MGI:1915035
Ugt2b5,MGI:98900
Dbx1,MGI:94867
Ythdc1,MGI:2443713
Mitf,MGI:104554
Tns2,MGI:2387586
Smco4,MGI:3039636
Ly86,MGI:1321404
Larp4b,MGI:106330
Ckm,MGI:88413
Kcnn3,MGI:2153183
Cpne6,MGI:1334445
Klrc3,MGI:1929720
Cryga,MGI:88521
Ccl20,MGI:1329031
Pygb,MGI:97828
Baz2b,MGI:2442782
Mafg,MGI:96911
Ubap2,MGI:1916176
Sytl3,MGI:1933367
Glcci1,MGI:2179717
E2f7,MGI:1289147
Brf1,MGI:1919558
Fibp,MGI:1926233
Pepd,MGI:97542
Cpne9,MGI:2443052
Pkd2l1,MGI:1352448
Cd151,MGI:1096360
Mto1,MGI:1915541
Myo5b,MGI:106598
Fam92b,MGI:3588213
Ngly1,MGI:1913276
Wls,MGI:1915401
Stac2,MGI:2144518
Mir30a,MGI:2676907
0610030E20Rik,MGI:1915614
Dmrtc2,MGI:1918491
Fubp3,MGI:2443699
Aatk,MGI:1197518
Eif2b1,MGI:2384802
Rragb,MGI:3038613
Csf2rb,MGI:1339759
Cdc42bpa,MGI:2441841
Hapln4,MGI:2679531
Coro2a,MGI:1345966
Clip3,MGI:1923936
Bco1,MGI:1926923
Pogk,MGI:1918842
Rps6kb1,MGI:1270849
Slc38a4,MGI:1916604
Cldn7,MGI:1859285
Chst7,MGI:1891767
Bambi,MGI:1915260
Ep300,MGI:1276116
Abracl,MGI:1920362
Abt1,MGI:1353636
Itgb3,MGI:96612
Ceacam1,MGI:1347245
Afm,MGI:2429409
Yeats2,MGI:2447762
Nkx2-6,MGI:97351
Polr2d,MGI:1916491
Crct1,MGI:1921425
Gm26831,MGI:5477325
Kcnk7,MGI:1341841
0610009K14Rik,MGI:1918931
Dennd3,MGI:2146009
Ap3d1,MGI:107734
Ercc4,MGI:1354163
Corin,MGI:1349451
1700029I15Rik,MGI:1916742
Slc25a22,MGI:1915517
Atxn2,MGI:1277223
Trabd2b,MGI:3650152
Gm13128,MGI:3651261
Pcdh1,MGI:104692
AI182371,MGI:2138853
Adamts15,MGI:2449569
Gtf3a,MGI:1913846
Cd200r3,MGI:1921853
Klhl20,MGI:2444855
Cd300a,MGI:2443411
Sh3bp5l,MGI:1933124
Tmem182,MGI:1923725
Arhgap19,MGI:1918335
Tmem54,MGI:1913510
Adap2,MGI:2663075
Ncam2,MGI:97282
Kbtbd2,MGI:2384811
Angpt4,MGI:1336887
Nid1,MGI:97342
Stom,MGI:95403
Hmg20b,MGI:1341190
Batf3,MGI:1925491
Lrrc72,MGI:1920830
Tcte2,MGI:98641
Proc,MGI:97771
Ccdc163,MGI:1915644
Shb,MGI:98294
Klhl15,MGI:1923400
Exoc2,MGI:1913732
Suv39h1,MGI:1099440
Agap3,MGI:2183446
Fkbp9,MGI:1350921
Lmod2,MGI:2135672
Hnmt,MGI:2153181
Bmp8a,MGI:104515
Asb6,MGI:1919573
Lrriq3,MGI:1921685
Tecta,MGI:109575
Oaz1,MGI:109433
Klc1,MGI:107978
Aldh7a1,MGI:108186
Gpn2,MGI:2140368
Rab1a,MGI:97842
Ap1s1,MGI:1098244
Sec14l3,MGI:3617848
0610031O16Rik,MGI:1915619
Cenpx,MGI:894324
Islr2,MGI:2444277
Zfp599,MGI:2679006
Asxl3,MGI:2685175
Ccdc17,MGI:1915667
Cryba1,MGI:88518
Psg26,MGI:1891358
Prr7,MGI:3487246
Sost,MGI:1921749
Mga,MGI:1352483
Bdnf,MGI:88145
Tmem56,MGI:1923195
Fbh1,MGI:1354699
Ift27,MGI:1914292
Atat1,MGI:1913869
Tns1,MGI:104552
Tbrg1,MGI:1100877
Ptpn3,MGI:105307
Cd93,MGI:106664
Tada2a,MGI:2144471
Slc38a5,MGI:2148066
Trem2,MGI:1913150
Adamts7,MGI:1347346
Tmem72,MGI:2442707
Pitpna,MGI:99887
Gcc2,MGI:1917547
Btnl2,MGI:1859549
Fabp4,MGI:88038
Gngt2,MGI:893584
2610524H06Rik,MGI:2447819
Ralbp1,MGI:108466
Pecam1,MGI:97537
Tmem14c,MGI:1913404
Ceacam13,MGI:1917035
Slc38a1,MGI:2145895
Hsdl1,MGI:1919802
Trp53inp2,MGI:1915978
Trim38,MGI:2684869
Nags,MGI:2387600
Lce1h,MGI:1914968
Xkr6,MGI:2447765
Syndig1,MGI:3702158
Zfp12,MGI:99157
Slc2a9,MGI:2152844
Rgn,MGI:108024
Gm13030,MGI:3651765
Tufm,MGI:1923686
Gm5065,MGI:3643170
Ninj1,MGI:1196617
Stat5b,MGI:103035
Acvrl1,MGI:1338946
Fga,MGI:1316726
Cpne4,MGI:1921270
Usp48,MGI:2158502
Adam19,MGI:105377
Rec114,MGI:1920923
Trpm5,MGI:1861718
Lipi,MGI:2443868
Atp6v1b1,MGI:103285
Fbxo40,MGI:2443753
Manf,MGI:1922090
Tmem81,MGI:1921876
1110051M20Rik,MGI:1915079
Calr4,MGI:2140435
Ifit1,MGI:99450
Vwf,MGI:98941
Adgrg3,MGI:1859670
Odf1,MGI:97424
Cope,MGI:1891702
Gdap1l1,MGI:2385163
Cfap52,MGI:1919110
Msl1,MGI:1921276
Gem,MGI:99844
Fbxo6,MGI:1354743
Cdh2,MGI:88355
Dbi,MGI:94865
Adssl1,MGI:87947
Cd276,MGI:2183926
Mir425,MGI:3619401
Gtf3c6,MGI:1914621
Vsig10,MGI:2448533
Ddah2,MGI:1859016
Mir199a-1,MGI:2676863
Erp29,MGI:1914647
Sds,MGI:98270
Hmx1,MGI:107178
Il10,MGI:96537
Tspan33,MGI:1919012
Ttf2,MGI:1921294
Ccl25,MGI:1099448
Tacr2,MGI:98477
Aip,MGI:109622
Star,MGI:102760
Ccdc178,MGI:1918200
Nme8,MGI:1920662
Ccnc,MGI:1858199
Tmem71,MGI:2146049
Cd4,MGI:88335
Znhit3,MGI:3051596
Pcbp2,MGI:108202
Timm29,MGI:1917023
Myef2,MGI:104592
Ccdc14,MGI:2443448
Olfr71,MGI:1860080
Dbnl,MGI:700006
Prok2,MGI:1354178
Zfp382,MGI:3588204
Abhd16b,MGI:3607711
Ddr2,MGI:1345277
Ptk2,MGI:95481
Hdhd5,MGI:2136976
Ccdc115,MGI:1916918
Troap,MGI:1925983
Mia,MGI:109615
Zcchc4,MGI:1926046
Tbx2,MGI:98494
Fam189a1,MGI:1917888
Cdh16,MGI:106671
Sema3g,MGI:3041242
Ap3m1,MGI:1929212
Cd200r4,MGI:3036289
Ulk4,MGI:1921622
Tspear,MGI:2671932
Gfra1,MGI:1100842
Scn1a,MGI:98246
Dpep3,MGI:1919104
Mpdu1,MGI:1346040
Tmem176b,MGI:1916348
Tnni3,MGI:98783
Cyp1a1,MGI:88588
Mir30b,MGI:2676908
Erbin,MGI:1890169
Coq8a,MGI:1914676
Far1,MGI:1914670
Nat8l,MGI:2447776
Slc12a3,MGI:108114
A130010J15Rik,MGI:2441776
Ppm1d,MGI:1858214
Tctex1d4,MGI:3045358
Tex261,MGI:1096575
Btbd1,MGI:1933765
Tbx18,MGI:1923615
Cfl1,MGI:101757
Ggt1,MGI:95706
Stk38l,MGI:1922250
1110008P14Rik,MGI:1920987
Commd2,MGI:1098806
Acp1,MGI:87881
Hdac7,MGI:1891835
Fgf21,MGI:1861377
Rhbdd2,MGI:1915612
C1qtnf4,MGI:1914695
Hes5,MGI:104876
Cd63,MGI:99529
Armc5,MGI:2384586
Ubxn4,MGI:1915062
Dpp6,MGI:94921
Dpys,MGI:1928679
Jmjd4,MGI:2144404
Zbtb14,MGI:1195345
Rictor,MGI:1926007
Ceacam15,MGI:2141810
Krt12,MGI:96687
Nr0b1,MGI:1352460
Nuak1,MGI:1925226
9530003J23Rik,MGI:1924647
Pradc1,MGI:1920577
Prss38,MGI:2685095
Slfn9,MGI:2445121
Zc3h14,MGI:1919824
Gas2,MGI:95657
Tubb3,MGI:107813
Cd163,MGI:2135946
Tshb,MGI:98848
Igfbpl1,MGI:1933198
Tpm1,MGI:98809
Aqp5,MGI:106215
Selplg,MGI:106689
Vwa5b2,MGI:2681859
Scgb3a1,MGI:1915912
Rabgap1,MGI:2385139
Irf6,MGI:1859211
Shcbp1l,MGI:1919086
Lcn8,MGI:2135945
Senp2,MGI:1923076
Inhbb,MGI:96571
Prkd1,MGI:99879
Coa7,MGI:1917143
Chd7,MGI:2444748
Dnajc1,MGI:103268
Gast,MGI:104768
Pdap1,MGI:2448536
Plin1,MGI:1890505
Zfp663,MGI:2685854
Fbxl5,MGI:2152883
Extl2,MGI:1889574
Gng4,MGI:102703
Tcam1,MGI:1923120
Selenom,MGI:2149786
Rell2,MGI:1918044
Sgca,MGI:894698
Lgals8,MGI:1928481
Trpc1,MGI:109528
Gm12169,MGI:3650838
Gm16379,MGI:3647120
Camsap3,MGI:1916947
Zfp292,MGI:1353423
Cd3e,MGI:88332
Atg9b,MGI:2685420
Pou2f1,MGI:101898
Kcnk15,MGI:2675209
Ephx4,MGI:2686228
Mab21l3,MGI:2446273
Tmem178b,MGI:3647581
Sertad4,MGI:2443496
0610033M10Rik,MGI:1921343
Cldn2,MGI:1276110
Aplnr,MGI:1346086
Esd,MGI:95421
Ormdl3,MGI:1913862
Pih1d1,MGI:1916095
Ostes,MGI:3688249
Ppp6r3,MGI:1921807
Ncf2,MGI:97284
Mip,MGI:96990
Snhg11,MGI:2441845
Heatr9,MGI:3650286
Zc3h18,MGI:1923264
Zfp870,MGI:3029586
Tars,MGI:106314
Prrt1,MGI:1932118
Vdr,MGI:103076
Cga,MGI:88390
Tnnt3,MGI:109550
Sprn,MGI:3582583
Scnn1g,MGI:104695
Psg22,MGI:1891354
Lat2,MGI:1926479
2310009B15Rik,MGI:1916799
Ppp1r27,MGI:1915951
Notch2,MGI:97364
Heatr6,MGI:1919790
Lhfpl2,MGI:2145236
Med29,MGI:1914474
Nppb,MGI:97368
Crygd,MGI:88524
Cebpz,MGI:109386
Ceacam5,MGI:1920500
Lgals1,MGI:96777
Klc4,MGI:1922014